{
    "seq_length": 6,
    "batch_size": 256,
    "hidden_size": 32,
    "epochs": 25,
    "num_layers": 1,
    "lr": 0.02,
    "MAE_TEST": "0.033178106533324564",
    "MSE_TEST": "0.00274951497422028",
    "MAPE_TEST": "0.07581813818517984"
}